Workbook
Name Slicer_Language: #N/A
Name Slicer_Year: #N/A

Sheet Top Movie
A3: Movie Name | B3: Sum of Collection CR
A4: Robo 2.0 | B4: 709
A5: Jailer | B5: 607
A6: Leo | B6: 601
A7: Coolie | B7: 519
A8: Ponniyan Selvan-1 | B8: 488
A9: The Greatest Of All Time | B9: 454
A10: Vikram | B10: 418
A11: Grand Total | B11: 3796

Sheet KPI
A3: Count of Movie Name | B3: Sum of Collection CR | C3: Average of Collection CR2 | D3: Average of Rating
A4: 7 | B4: 3796 | C4: 542.28571 | D4: 8.4285714

Sheet Data
A1: Movie Name | B1: Year | C1: Collection CR | D1: Language | E1: Rating | F1: Hero
A2: Dangal | B2: 2016 | C2: 1958 | D2: Hindi | E2: 9.2 | F2: Amir Khan
A3: Baahubali 2 | B3: 2017 | C3: 1810 | D3: Telugu | E3: 9.2 | F3: Prabhas Raju
A4: Pushpa2: The Rule | B4: 2024 | C4: 1775 | D4: Telugu | E4: 8.5 | F4: Allu Arjun
A5: Dhurandhar2: The Revenge | B5: 2026 | C5: 1720 | D5: Hindi | E5: 9.4 | F5: Ranveer Singh
A6: Dhurandar | B6: 2025 | C6: 1315 | D6: Hindi | E6: 9.3 | F6: Ranveer Singh
A7: RRR | B7: 2022 | C7: 1300 | D7: Telugu | E7: 9.1 | F7: Ram Charan & Jr. NTR
A8: KGF Chapter-2 | B8: 2022 | C8: 1233 | D8: Kannada | E8: 9.3 | F8: Yash
A9: Jawan | B9: 2023 | C9: 1160 | D9: Hindi | E9: 8.6 | F9: Shah Rukh Khan
A10: Kalki 2898Ad | B10: 2024 | C10: 1062 | D10: Telugu | E10: 8.6 | F10: Prabhas Raju
A11: Pathaan | B11: 2023 | C11: 1051 | D11: Hindi | E11: 8.1 | F11: Shah Rukh Khan | L11: =ROWS(Table1[]) -> 50
A12: Animal | B12: 2023 | C12: 913 | D12: Hindi | E12: 8.2 | F12: Ranbir Kapoor | L12: =IF(A2=" ", "Blank", "OK") -> OK
A13: Bhajrangi Bhaijaan | B13: 2015 | C13: 870 | D13: Hindi | E13: 8.1 | F13: Salman Khan
A14: Stree-2 | B14: 2024 | C14: 857 | D14: Hindi | E14: 8.9 | F14: Shradda Kapoor
A15: Kantara Chapter-1 | B15: 2025 | C15: 851 | D15: Kannada | E15: 9.3 | F15: Rishab Shetty
A16: Secret Superstar | B16: 2017 | C16: 831 | D16: Hindi | E16: 8.7 | F16: Amir Khan
A17: Chhaava | B17: 2025 | C17: 808 | D17: Hindi | E17: 9.2 | F17: Vicky Kaushal
A18: PK | B18: 2014 | C18: 741 | D18: Hindi | E18: 8.1 | F18: Amir Khan
A19: Robo 2.0 | B19: 2018 | C19: 709 | D19: Tamil | E19: 8.2 | F19: Rajinikanth
A20: Gadar-2 | B20: 2023 | C20: 686 | D20: Hindi | E20: 8.5 | F20: Sunny Deol
A21: Salaar: Cease Fire - Part 1 | B21: 2023 | C21: 637 | D21: Telugu | E21: 8.5 | F21: Prabhas Raju
A22: Sultan | B22: 2016 | C22: 615 | D22: Hindi | E22: 8.6 | F22: Salman Khan
A23: Jailer | B23: 2023 | C23: 607 | D23: Tamil | E23: 9 | F23: Rajinikanth
A24: Baahubali: The Beginning | B24: 2015 | C24: 605 | D24: Telugu | E24: 8.8 | F24: Prabhas Raju
... A51: Krish 3 | B51: 2013 | C51: 376 | D51: Hindi | E51: 7.2 | F51: Hrithik Roshan

Sheet Dashboard
A1: Indian Movies Dashboard
P2: Total Movies | Q2: =ROWS(Data!A2:A51) -> 50
P3: Total Collection | Q3: =SUM(Data!C2:C51) -> 36441
P4: Highest Grossing Movie | Q4: =INDEX(Data!A:A, MATCH(MAX(Data!C:C), Data!C:C, 0)) -> Dangal
P5: Average Collection | Q5: =ROUND(AVERAGE(Data!C:C),2) -> 728.82
P7: =INDEX(Data!A2:A51, MATCH(MAX(Data!C2:C51), Data!C2:C51, 0)) -> Dangal
A51: =Data!A1 -> Movie Name | B51: =Data!B1 -> Year | C51: =Data!C1 -> Collection CR
A52: =Data!A2 -> Dangal | B52: =Data!B2 -> 2016 | C52: =Data!C2 -> 1958
A53: =Data!A3 -> Baahubali 2 | B53: =Data!B3 -> 2017 | C53: =Data!C3 -> 1810
A54: =Data!A4 -> Pushpa2: The Rule | B54: =Data!B4 -> 2024 | C54: =Data!C4 -> 1775
A55: =Data!A5 -> Dhurandhar2: The Revenge | B55: =Data!B5 -> 2026 | C55: =Data!C5 -> 1720
A56: =Data!A6 -> Dhurandar | B56: =Data!B6 -> 2025 | C56: =Data!C6 -> 1315
A57: RRR | B57: 2022 | C57: 1300
A58: KGF Chapter-2 | B58: 2022 | C58: 1233
